bleu_mean,bleu_std,rouge1_f1_mean,rouge1_f1_std,rouge1_precision_mean,rouge1_precision_std,rouge1_recall_mean,rouge1_recall_std,rouge2_f1_mean,rouge2_f1_std,rouge2_precision_mean,rouge2_precision_std,rouge2_recall_mean,rouge2_recall_std,rougeL_f1_mean,rougeL_f1_std,rougeL_precision_mean,rougeL_precision_std,rougeL_recall_mean,rougeL_recall_std,radgraph_simple_mean,radgraph_simple_std,radgraph_partial_mean,radgraph_partial_std,radgraph_complete_mean,radgraph_complete_std,radgraph_entity_precision_mean,radgraph_entity_precision_std,radgraph_entity_recall_mean,radgraph_entity_recall_std,radgraph_avg_hyp_entities,radgraph_avg_ref_entities
0.060270007187643936,0.044282480718053074,0.30850848841162043,0.10243764380067409,0.3007027853168477,0.15144039531101233,0.4034056179649344,0.14355499036669006,0.07997116613136876,0.06156178723875878,0.0809541844408547,0.08897066119327629,0.10883740398913551,0.08813634595790991,0.2114116993535982,0.08220267266380898,0.20952706423683765,0.12749858495544183,0.274724469769756,0.10973484253647937,0.18632429962041527,0.12681168719045557,0.17783023370027493,0.12687036281390018,0.12536310892529434,0.12327681410543523,1.0,0.0,1.0,0.0,3.0,3.0
